gender,title,first,last,street,city,state,zip,email,username,password,salt,md5,sha1,sha256,registered,dob,phone,cell,TFN,large,medium,thumbnail,version,nationality
male,mr,dwight,gray,"5057 w pecan st",townsville,"new south wales",99188,dwight.gray67@example.com,goldenpeacock535,chandler,eLtscpFs,8afff02c440cec1d2a4aced0517f5f71,ccd033e02caa4e729adc19b9780a3a9199b2e68d,7179d84fd126326cc863df8619bb356d07354d984466fd702d1dbdf77dc1bef5,1383752710,341907841,01-1127-1011,0413-025-040,040479834,http://api.randomuser.me/portraits/men/29.jpg,http://api.randomuser.me/portraits/med/men/29.jpg,http://api.randomuser.me/portraits/thumb/men/29.jpg,0.6,AU
male,mr,stephen,robertson,"1854 w pecan st",queanbeyan,"new south wales",34878,stephen.robertson85@example.com,lazyfrog624,noelle,XNcosWYu,058242f092bf5074930f2adb9e7054cf,4383a48e036a2a07cf87f2c6c4130e09f6f51ff9,188fe8b346acd7b42d587c77009db7ffb39d5470ffda67db1d1e71f03935dd44,1036872652,1257998248,03-5790-4011,0496-104-008,768549537,http://api.randomuser.me/portraits/men/3.jpg,http://api.randomuser.me/portraits/med/men/3.jpg,http://api.randomuser.me/portraits/thumb/men/3.jpg,0.6,AU
male,mr,tyrone,ward,"2952 thornridge cir",nowra,"western australia",15118,tyrone.ward84@example.com,bluewolf501,robert1,4lkyhfam,c092ea3602ad2f08f9cdceaeebb3c978,4ca456ec735ed3703859508b0af0128971a55fef,cfc202606d6ef08b119818b9324ec250da3fe7494a4e7d3c6ece2cb509b696de,938867226,1107346977,01-1646-8506,0498-966-862,039059538,http://api.randomuser.me/portraits/men/18.jpg,http://api.randomuser.me/portraits/med/men/18.jpg,http://api.randomuser.me/portraits/thumb/men/18.jpg,0.6,AU
female,miss,arianna,simpson,"3852 shady ln dr",toowoomba,queensland,94141,arianna.simpson85@example.com,crazysnake192,hehehe,TYluzccg,45b5fc8b66ca6d7efd6f9101409e1ef2,e54bdab33a7e7087ca1bf462975eea2fb5e8f332,cd58be5122692038122c640e340628fd8482c413a96133885bf00099e8f183d1,1411179200,922424328,08-2013-7243,0468-719-401,506844570,http://api.randomuser.me/portraits/women/77.jpg,http://api.randomuser.me/portraits/med/women/77.jpg,http://api.randomuser.me/portraits/thumb/women/77.jpg,0.6,AU
male,mr,brian,hunt,"6827 lakeshore rd",melbourne,"western australia",39772,brian.hunt42@example.com,greengoose369,butkus,yOFfwgxD,9ce3f42dfa205b4d01a148ad13df8fef,a0b4bd014cdb4776a34bfc53484f15474a3bba32,d6d632ccb03290fdcf21e2c741b8cbd121ee42db1cd61fe77c4b3b3858c4b7b0,1018943539,386117626,08-3533-0269,0491-992-584,826628527,http://api.randomuser.me/portraits/men/51.jpg,http://api.randomuser.me/portraits/med/men/51.jpg,http://api.randomuser.me/portraits/thumb/men/51.jpg,0.6,AU
female,mrs,genesis,west,"3813 edwards rd",melbourne,victoria,63978,genesis.west85@example.com,heavyladybug482,duke,YPJnYkVq,41a7ffe12053da2b661ccd4145061678,a3cf3b48bc505a948dcb2a773d4408e03f7fca8d,a2d7b2bc0fab5fdc704f21e8ccad1e7c45c4f2add9d0ccd929aaf9abfa961f20,1002155001,861419305,08-4317-1629,0449-782-203,334759630,http://api.randomuser.me/portraits/women/86.jpg,http://api.randomuser.me/portraits/med/women/86.jpg,http://api.randomuser.me/portraits/thumb/women/86.jpg,0.6,AU
female,ms,vickie,wright,"3682 elgin st","wagga wagga","northern territory",34544,vickie.wright23@example.com,silverladybug785,2112,Jb49Hrql,fc4097d919fe7e859f7bce67507ae2c2,129d6bdc724b22d23e10a85388a02963faea6024,7e9029c706cf475b9e0898bc319d9dc2ef1f993c446c2fe2db9d8e23bb46f09f,1199539610,1019542139,08-2966-2432,0456-631-436,289584921,http://api.randomuser.me/portraits/women/4.jpg,http://api.randomuser.me/portraits/med/women/4.jpg,http://api.randomuser.me/portraits/thumb/women/4.jpg,0.6,AU
male,mr,franklin,west,"9968 stevens creek blvd",orange,"new south wales",32688,franklin.west27@example.com,whitebird861,playa,fFGlMjOY,251385605c4761879f6610e0b6cc58b2,cd92e9595c69193c71f80137226273dc750847ce,9e64e90358eb46bad5d223f51a9c4fd2c8744a1e03dd97510aa1909d97d5d417,1280861866,719894045,03-5624-4903,0429-381-060,145619872,http://api.randomuser.me/portraits/men/81.jpg,http://api.randomuser.me/portraits/med/men/81.jpg,http://api.randomuser.me/portraits/thumb/men/81.jpg,0.6,AU
female,mrs,mabel,marshall,"6142 pockrus page rd",bunbury,"western australia",64434,mabel.marshall30@example.com,tinyswan693,blacky,wacO2KLg,c7f4abc79bf0f873ca2cba68a6d905d3,ca628168c0249886c5ab5a7aa1b5bd5f8b3462fc,f7e59f4bafd423d64eaaa46dda9e57fd622c2dd530455a9ba283a505fcd91301,1429131118,39313183,01-3959-6572,0406-890-507,550124504,http://api.randomuser.me/portraits/women/52.jpg,http://api.randomuser.me/portraits/med/women/52.jpg,http://api.randomuser.me/portraits/thumb/women/52.jpg,0.6,AU
female,miss,dolores,wagner,"9187 elgin st",sydney,tasmania,72890,dolores.wagner82@example.com,beautifulbutterfly809,golfgolf,MOsRPZfY,eaad2a722e265d3d49e0d90c6d31e26c,32e9c95d1494da72f58124df3c5f17e08152baeb,bef3f6946dd62d5f5461bdcfa70c86b37df9ec41b2a574fb6d984ceb393c2273,923820508,16785296,01-0377-4470,0466-338-345,950110518,http://api.randomuser.me/portraits/women/8.jpg,http://api.randomuser.me/portraits/med/women/8.jpg,http://api.randomuser.me/portraits/thumb/women/8.jpg,0.6,AU
female,miss,natalie,nguyen,"6747 timber wolf trail",bendigo,"western australia",23772,natalie.nguyen50@example.com,bigcat199,peter1,lgsqLXFN,23c516478b1b1b107334eae183ec9bb4,860fcc040015ce91741b5f4855cde639f4edb3cc,3bf4c1097f69d196d43bd002cdac114b6ea42f2d9392639486895b224a610ec1,1157215943,493049095,08-5057-5582,0412-092-699,328017283,http://api.randomuser.me/portraits/women/32.jpg,http://api.randomuser.me/portraits/med/women/32.jpg,http://api.randomuser.me/portraits/thumb/women/32.jpg,0.6,AU
male,mr,jamie,ross,"2959 bruce st",maitland,tasmania,50940,jamie.ross53@example.com,heavypanda41,19691969,bz2DvPiU,eefd8c8e06ac5c871833bf549a6a6df1,c92495131dc25014fef8e5500bcd591776745902,3014ae0d5efdb4b5d13b6012042b3261a346741e0c38a62a48bbc031259e8947,1261117661,999767826,08-0093-6081,0434-533-794,181116941,http://api.randomuser.me/portraits/men/65.jpg,http://api.randomuser.me/portraits/med/men/65.jpg,http://api.randomuser.me/portraits/thumb/men/65.jpg,0.6,AU
female,ms,riley,hale,"5496 ash dr",mildura,queensland,96693,riley.hale86@example.com,blackgorilla262,chair,xMFpIuSm,d54fbd83f942af068ec8d5ad659ef4bc,a280208eaa6950d271f1c2926256b32ebda41ebf,1ac453e59369aac1099ebe851a157964c10d50300814d3add41529de920667e2,1070539927,1018817547,03-2142-3769,0478-521-893,556531646,http://api.randomuser.me/portraits/women/76.jpg,http://api.randomuser.me/portraits/med/women/76.jpg,http://api.randomuser.me/portraits/thumb/women/76.jpg,0.6,AU
female,miss,vanessa,gray,"5944 thornridge cir",bendigo,queensland,60324,vanessa.gray11@example.com,yellowfish748,binladen,gCQCNyFx,076d0fcfb48c19f5c14c5cafd3880976,a573b60df6d046170735f3e0bcccff8b984e75e6,b7e61c9c3f163b096872732deb9badf4fa4c0a67258d652d1e48f59166451e16,1181726975,892318848,09-5214-1962,0482-233-747,385156661,http://api.randomuser.me/portraits/women/1.jpg,http://api.randomuser.me/portraits/med/women/1.jpg,http://api.randomuser.me/portraits/thumb/women/1.jpg,0.6,AU
female,miss,tammy,sims,"2822 brown terrace",traralgon,"new south wales",77341,tammy.sims59@example.com,lazyfish357,titans,0FjB9iHa,0868bf222c9360a00ab6465d5b4e015f,3e98ce5e09a04fee2dec288fb2e94c51dbfc984c,16b61d8b509b3026f5145930d1b5250b1b864eb09474f9e2766f0390ab4d6a86,1416819499,764858224,00-8203-4545,0430-779-146,584332465,http://api.randomuser.me/portraits/women/38.jpg,http://api.randomuser.me/portraits/med/women/38.jpg,http://api.randomuser.me/portraits/thumb/women/38.jpg,0.6,AU
male,mr,arthur,jenkins,"6346 cherry st",toowoomba,victoria,12215,arthur.jenkins57@example.com,lazysnake7,vedder,YVJEcnPT,5216a870827067e502dcdbda3763675c,22174fc8806bd6c38cedfe863cdad125dee99234,b61932c504521538d2e7e9da37246794f8ebe9c476e3530dd4f39051640362f3,1276858176,1421797715,05-7172-2494,0436-490-632,200796212,http://api.randomuser.me/portraits/men/56.jpg,http://api.randomuser.me/portraits/med/men/56.jpg,http://api.randomuser.me/portraits/thumb/men/56.jpg,0.6,AU
female,mrs,anna,horton,"1318 daisy dr",mackay,"western australia",92485,anna.horton22@example.com,heavytiger256,birthday4,MnJvDLbs,cc217f16fa2a62fa831e6f2472c5c322,607ca184a967ed64864cce0388ebb45cc8d75098,741adfe5d9a5e5cc1b5453924653746308fb30de1b874ccdf8df6fe2f42d2f7b,1427909120,1106207389,00-2751-4526,0484-361-679,356795599,http://api.randomuser.me/portraits/women/31.jpg,http://api.randomuser.me/portraits/med/women/31.jpg,http://api.randomuser.me/portraits/thumb/women/31.jpg,0.6,AU
female,mrs,rosemary,hill,"5428 camden ave",geraldton,"new south wales",18963,rosemary.hill99@example.com,orangeswan693,mommy,2gtTg3IV,8ff328b4f170c241516fdd58026ade8e,90a9c8c4dd344eb9e0f13f28c3e6b5c1ec93fdcb,291aa735de0a1026f5e7641d1af5bfb1e8f503954f4467df66b3b2eab80defe8,1173401980,662997385,00-3118-6121,0429-838-676,606067974,http://api.randomuser.me/portraits/women/76.jpg,http://api.randomuser.me/portraits/med/women/76.jpg,http://api.randomuser.me/portraits/thumb/women/76.jpg,0.6,AU
male,mr,patrick,rodriguez,"5975 samaritan dr",brisbane,"northern territory",91362,patrick.rodriguez27@example.com,blackpanda912,matteo,c8A5E87P,48d595e117fded66c15787ab7da5ced5,2ce65c1b2a35c3fb2bdf351997b82f876e772ff9,f37c1f7e69d29f4e5bb7bd31d1fefe3a594dcfcb01a42bf29190d009adb7062e,1328237908,98914313,09-3477-3257,0488-122-220,533972949,http://api.randomuser.me/portraits/men/32.jpg,http://api.randomuser.me/portraits/med/men/32.jpg,http://api.randomuser.me/portraits/thumb/men/32.jpg,0.6,AU
male,mr,jeffery,andrews,"8852 hogan st",albury,queensland,42149,jeffery.andrews72@example.com,beautifulleopard317,br549,zrkyoGoQ,65767412575d6f7fafb72dca65c43b1d,3439db6ecb6309ec7f1edbc17c895273fc6cb3e5,4455e026dbc1cbd809a195beeb540d08c94cd2299ba00127fdbe400a070da042,1119904639,1313510417,01-7117-9508,0420-326-380,534133661,http://api.randomuser.me/portraits/men/0.jpg,http://api.randomuser.me/portraits/med/men/0.jpg,http://api.randomuser.me/portraits/thumb/men/0.jpg,0.6,AU
female,mrs,rita,gordon,"7246 w sherman dr",cairns,"western australia",52892,rita.gordon40@example.com,orangecat159,smiles,T6x7SpiZ,29f249d2e758b99164bf083f8ed21b34,eea40029d67c0519f6ad2feb7e61811509d87eeb,a4d525d0b1d027b543ac495664d7a331d8462d993d7c3491673703a23ac24632,1100771790,691686532,00-9948-4307,0498-751-872,414582875,http://api.randomuser.me/portraits/women/45.jpg,http://api.randomuser.me/portraits/med/women/45.jpg,http://api.randomuser.me/portraits/thumb/women/45.jpg,0.6,AU
male,mr,nelson,lambert,"2701 bollinger rd",busselton,victoria,66052,nelson.lambert47@example.com,brownladybug193,splash,l9RzeWXE,a440b0d15a4473470d8adb6b59ef8825,7f4186649b94f5af1e27f17a5a3162e02d7b2899,b4dbc9a6377f0682c65ec8588f150f0c9215048067d24621cbe99cfd44ab72b5,1338802076,939608326,03-7043-0342,0429-104-446,159485568,http://api.randomuser.me/portraits/men/91.jpg,http://api.randomuser.me/portraits/med/men/91.jpg,http://api.randomuser.me/portraits/thumb/men/91.jpg,0.6,AU
female,miss,ida,johnson,"9086 smokey ln",rockhampton,"australian capital territory",24212,ida.johnson81@example.com,redswan891,plymouth,E2Mr7V0W,62e2bc94f209fdbec7eff417a5471add,1ccedee852a6b03490d44ffee904504cf4621c05,ab516b01bc05d4189ab4770dd4934e8d0034ca8f111cf910ba95b27a2c49f068,972598374,719034838,01-9330-3686,0494-832-670,259020698,http://api.randomuser.me/portraits/women/74.jpg,http://api.randomuser.me/portraits/med/women/74.jpg,http://api.randomuser.me/portraits/thumb/women/74.jpg,0.6,AU
female,ms,marcia,flores,"5102 cherry st",kalgoorlie,"south australia",49936,marcia.flores42@example.com,redfish604,giovanni,2kXjZ61f,16d6b6526e4cbe03484c78f8ea06881d,77456bd0d754d6135e8b3053826d01f312f692b3,ca53dae43412c64b97b91c91b03ac8abec3e9c5b94cd2162ebac1ef2dfdecda6,1139303590,417207728,04-7155-1196,0491-098-555,715224338,http://api.randomuser.me/portraits/women/80.jpg,http://api.randomuser.me/portraits/med/women/80.jpg,http://api.randomuser.me/portraits/thumb/women/80.jpg,0.6,AU
male,mr,benjamin,robertson,"5479 fairview st",perth,"south australia",56186,benjamin.robertson50@example.com,greenladybug949,dontknow,bbYLl0Gj,6ddf748df02ebe6263e095458aa8b4d9,f10ce0c2069d576077df1a3c7b4872589938d684,ff0c45d883d47469c8d5b4460d5a87e5a90f0fb3a386d06ef120e2403eee8225,1166080946,953352198,02-6909-5249,0423-806-518,509416259,http://api.randomuser.me/portraits/men/26.jpg,http://api.randomuser.me/portraits/med/men/26.jpg,http://api.randomuser.me/portraits/thumb/men/26.jpg,0.6,AU
female,miss,elizabeth,henry,"4967 w campbell ave",mildura,queensland,29451,elizabeth.henry70@example.com,goldentiger948,bergkamp,5joRs6Vn,504dbe2d947267f04bc61d78dc1b65a9,154ebd542f488342bf96091fb35242952b5e055a,27d688570faa4fd670e4bff4758612c1a425ed34eeafd60748520b3fa490b294,1398473616,489090314,01-6799-5742,0469-884-792,962362324,http://api.randomuser.me/portraits/women/24.jpg,http://api.randomuser.me/portraits/med/women/24.jpg,http://api.randomuser.me/portraits/thumb/women/24.jpg,0.6,AU
female,mrs,gloria,williamson,"2749 country club rd",tweed,"australian capital territory",45094,gloria.williamson92@example.com,browntiger320,stinker,ZspmDUc7,82645947be5092a595587ea6250ac450,a457dfec0119d5206e6267ba965e2073a697383a,cc3801e9a84cfb3c8215b618aa2b5f0c9c9fff4dc0c9bc23673d328ec658373d,1203774976,741971790,02-0310-4918,0494-824-293,019429393,http://api.randomuser.me/portraits/women/87.jpg,http://api.randomuser.me/portraits/med/women/87.jpg,http://api.randomuser.me/portraits/thumb/women/87.jpg,0.6,AU
male,mr,lee,crawford,"1805 photinia ave",kalgoorlie,"south australia",49883,lee.crawford87@example.com,goldenelephant40,radar,6dXxh4Js,690337757853a39e7f989f3cada19c70,ac265300fac98417f8076ce2c42d66e53211eb25,53aebf166a49ff9786d84278076dc29ca9b6def981e3602397dea72873ada9fe,992148937,1401149800,00-5023-6315,0431-709-132,425133660,http://api.randomuser.me/portraits/men/21.jpg,http://api.randomuser.me/portraits/med/men/21.jpg,http://api.randomuser.me/portraits/thumb/men/21.jpg,0.6,AU
female,mrs,linda,andrews,"3489 nowlin rd",bunbury,"western australia",68537,linda.andrews36@example.com,bigbird584,sarah,SJV43ufk,cc62a72801872091e1016ce252584167,abed458d0eafd84e3c7cb168f44112480ddbcbe4,ae967b35b1ea88539c6953c1f2fd8ebb70adfa5bc2f2073841f73786ead4dc5a,1147943538,84067345,03-3488-4248,0460-559-730,350553038,http://api.randomuser.me/portraits/women/23.jpg,http://api.randomuser.me/portraits/med/women/23.jpg,http://api.randomuser.me/portraits/thumb/women/23.jpg,0.6,AU
male,mr,don,cox,"6074 royal ln",busselton,"new south wales",74910,don.cox21@example.com,purpleswan550,ou8123,VGeqwVJu,703b050c0bad4f80d00d63e681b59fc8,7eca84a9fbb2b049014c93a69da28fb367ee7229,d2787cef9d8acd929acfe530df86babd22bd0937e8045ce419def09d6dcbafd6,1387848786,1405656157,09-7828-0516,0403-203-933,291496933,http://api.randomuser.me/portraits/men/48.jpg,http://api.randomuser.me/portraits/med/men/48.jpg,http://api.randomuser.me/portraits/thumb/men/48.jpg,0.6,AU
female,miss,teresa,adams,"6037 sunset st",rockhampton,queensland,84050,teresa.adams48@example.com,goldenlion611,grant,IU9uBz1A,2583352ee96d67d3824a0c0e5be64cdd,a8f6d7d24b612a804b8fa8ea69ed62f9fd240e38,0f4076b7c1396d12ef004c3de255980cd4b0e321737b01abc32f402c148e53f2,1094972655,260048116,05-5944-3729,0474-876-777,344076162,http://api.randomuser.me/portraits/women/1.jpg,http://api.randomuser.me/portraits/med/women/1.jpg,http://api.randomuser.me/portraits/thumb/women/1.jpg,0.6,AU
male,mr,eddie,walters,"3068 walnut hill ln",warrnambool,"northern territory",43091,eddie.walters32@example.com,brownbird980,batman1,cjYw2soi,3ea1ba6dd090fb208d21b44a89cc0aaa,a320b9009ece4bf32eaf966455a1fcc9a7eba2f5,28542770eb27355a6f84d5c72128fc972916223e2a8ecdc5a1c04c3f71cb1845,1395963885,438201729,02-9270-1242,0449-748-622,613732640,http://api.randomuser.me/portraits/men/61.jpg,http://api.randomuser.me/portraits/med/men/61.jpg,http://api.randomuser.me/portraits/thumb/men/61.jpg,0.6,AU
female,ms,sophie,rose,"3313 mockingbird ln",geraldton,"western australia",79805,sophie.rose86@example.com,smallbutterfly467,girlies,3lNICV7O,26e02cd029ea0cc8fdcfc6482d9b7b4d,33f3c649de242db9634bc54c6b35b336619359f3,40ab261ff100507a1d52f4807825b3627dbbe40e5062ca345058d57156f2405b,1208609153,218482007,07-6942-6814,0443-625-883,261227102,http://api.randomuser.me/portraits/women/46.jpg,http://api.randomuser.me/portraits/med/women/46.jpg,http://api.randomuser.me/portraits/thumb/women/46.jpg,0.6,AU
male,mr,everett,fuller,"4862 blossom hill rd",sydney,victoria,71063,everett.fuller65@example.com,crazywolf422,hitman,ryk9iAgY,888e0cf1e91123eabdd469752e796e2b,1a79f57953c60a72d704da347d7b1328a6f51215,9e537cef969ba7b98b355a5f57ae84e1e24c6a25b0a859dc678c8fcd45417976,1324482148,1264783873,09-6260-8289,0449-544-765,285728349,http://api.randomuser.me/portraits/men/33.jpg,http://api.randomuser.me/portraits/med/men/33.jpg,http://api.randomuser.me/portraits/thumb/men/33.jpg,0.6,AU
male,mr,scott,bell,"2461 first street",shepparton,"australian capital territory",13136,scott.bell32@example.com,organicostrich718,legend,eCHOMTW1,361ac379caf951aff69079886f3da08d,fe4a0299bb1373baf78d11915862a0b970206730,de08be4ad7b016971d9ef06616b930afa4ef5f491a7aa69e3858cccc9ad044c5,1280983445,284454464,08-2236-8270,0457-792-605,024263995,http://api.randomuser.me/portraits/men/9.jpg,http://api.randomuser.me/portraits/med/men/9.jpg,http://api.randomuser.me/portraits/thumb/men/9.jpg,0.6,AU
male,mr,roland,barnes,"5409 marsh ln",bundaberg,"australian capital territory",40714,roland.barnes33@example.com,yellowladybug820,business,F7YQBeYJ,31c02150d4de4acd13fa0faa47228b9a,4530577c9a1e314ea5dfd12d91eb4afc990cea6b,401578c2d0670c601acdec82ea298967d46fba5ffa750bdcfcc986781e8b21a2,1141680582,57457603,05-6080-4887,0444-556-221,674035531,http://api.randomuser.me/portraits/men/45.jpg,http://api.randomuser.me/portraits/med/men/45.jpg,http://api.randomuser.me/portraits/thumb/men/45.jpg,0.6,AU
female,miss,juanita,payne,"9923 spring hill rd","wagga wagga",tasmania,75720,juanita.payne39@example.com,heavypanda380,goforit,Ka1rypkS,c8e93db0983351c3d02ead4cf4830fdc,e2bae1df65f67cda5260f091c3054b3124e1a6f9,f95320bf12a9f74c888bbd6eb164ef6994f045eec5f4603755aabbab3108551d,1010373480,1313779498,06-6127-7740,0436-943-588,213880391,http://api.randomuser.me/portraits/women/43.jpg,http://api.randomuser.me/portraits/med/women/43.jpg,http://api.randomuser.me/portraits/thumb/women/43.jpg,0.6,AU
male,mr,arthur,little,"1718 valwood pkwy",shepparton,"australian capital territory",15284,arthur.little18@example.com,yellowkoala978,written,OqnOpmCt,98637acafa39518287d7aa0ffab30562,92eb548cb3565a5b6768e071f8ec36cf3afbfb77,8dc37b98670637eb7f325fcf2bbeb8ae2ec2633a26abed8c53e2108d2e4c1a29,1316690644,1277298716,08-5816-8592,0458-453-647,242391158,http://api.randomuser.me/portraits/men/17.jpg,http://api.randomuser.me/portraits/med/men/17.jpg,http://api.randomuser.me/portraits/thumb/men/17.jpg,0.6,AU
male,mr,troy,thompson,"1521 e sandy lake rd",albany,tasmania,49507,troy.thompson42@example.com,bigleopard455,superb,4ZVVjBlf,0b579e1eb2284e6cd32bad322fbb7a53,bff7a03f0c2f0b41567c257d8c02d9dc660991de,7bdec0d6e76757d0a7b99ea7ae28a4cc401bcedaa8c886d96b19acefde404628,1449315168,1118085114,09-6827-0847,0402-241-783,045004678,http://api.randomuser.me/portraits/men/46.jpg,http://api.randomuser.me/portraits/med/men/46.jpg,http://api.randomuser.me/portraits/thumb/men/46.jpg,0.6,AU
female,miss,sharlene,dean,"4170 preston rd",perth,"south australia",78207,sharlene.dean14@example.com,heavybear147,water1,vv9hwXWF,9fab5b36c793c313777bfc9a6b9db606,b1eaf56d32d1ee4cc130dbcad5a464f7d805983d,3f5047e1dd471db5a4907a1066cfeb135189da045975405f2539af8838f5d94d,1024842090,452735778,07-5310-6400,0447-577-242,588538544,http://api.randomuser.me/portraits/women/21.jpg,http://api.randomuser.me/portraits/med/women/21.jpg,http://api.randomuser.me/portraits/thumb/women/21.jpg,0.6,AU
female,mrs,avery,cox,"5072 eason rd",wollongong,"south australia",52795,avery.cox52@example.com,tinycat39,microsof,gV0f7kwd,9dbe279aaa70699b5306d44297c31c92,3f1bea79bffb4521d1c82e65ee2e46f0b2132c5c,a22efa62e5723e2634ca4c2f8fc513b5efe8ddfc8dc76cb86f0b7318b82e58e8,1217434606,1108493949,06-1945-9002,0443-558-018,192954063,http://api.randomuser.me/portraits/women/9.jpg,http://api.randomuser.me/portraits/med/women/9.jpg,http://api.randomuser.me/portraits/thumb/women/9.jpg,0.6,AU
female,ms,mary,nichols,"5601 samaritan dr","sunshine coast",victoria,93044,mary.nichols19@example.com,yellowgorilla813,1943,5dsY6GFU,81421a37a8c289bb9b06bb47e3765269,783e7d7a595a81820c327fc2ec14638b975d6de3,5e90af658527dd2b1d1ffb5dd6e8b7f96d6b8b77c4a7b19383bfaee12a8084fe,1323520623,975668224,00-1656-2748,0407-271-929,758128561,http://api.randomuser.me/portraits/women/92.jpg,http://api.randomuser.me/portraits/med/women/92.jpg,http://api.randomuser.me/portraits/thumb/women/92.jpg,0.6,AU
male,mr,austin,nguyen,"2021 lakeshore rd",rockhampton,"south australia",62937,austin.nguyen18@example.com,greenelephant593,redneck,vNlBOXhe,dd0e4ee03f06837736ba118f64f990d4,8a30d11eacbcc21f322d8a50ffb39fea6c292bb6,1d008daf5651da1e0a55bd1616b78168f7586c24c4cd3abf5e53f14309f8ad09,961020132,643334053,07-4413-7562,0478-579-427,725746145,http://api.randomuser.me/portraits/men/83.jpg,http://api.randomuser.me/portraits/med/men/83.jpg,http://api.randomuser.me/portraits/thumb/men/83.jpg,0.6,AU
female,miss,scarlett,perez,"1116 mcgowen st",albany,victoria,96476,scarlett.perez50@example.com,bigfish459,justin,kS0PnNu5,a37f2cccd7c466eedd4fca4a3b8001ee,caa3620f54cf0641e37b83bc24803f9128e83ade,079650a774e340709f02613b9870760ff685dab4f0657fdd3e9d42713a76a9a8,1069394960,997872359,03-1864-0516,0480-105-362,075113888,http://api.randomuser.me/portraits/women/82.jpg,http://api.randomuser.me/portraits/med/women/82.jpg,http://api.randomuser.me/portraits/thumb/women/82.jpg,0.6,AU
female,mrs,nevaeh,simmmons,"7137 valley view ln",maitland,"south australia",65263,nevaeh.simmmons69@example.com,organicelephant327,cuervo,gK1qW5Q3,d5906353c89aab04641376b6cce87c03,974f17a487907b59f34c587ebf591362389c36cc,60f29e20dbf4faf3b13d7bc7f60b67fd5e4d330ff63a46819b6b5a59587afe6a,1278547615,941749836,06-5487-9118,0496-705-351,822143733,http://api.randomuser.me/portraits/women/87.jpg,http://api.randomuser.me/portraits/med/women/87.jpg,http://api.randomuser.me/portraits/thumb/women/87.jpg,0.6,AU
male,mr,douglas,hansen,"6377 ash dr",launceston,"south australia",23317,douglas.hansen92@example.com,crazyswan391,yeah,BhmTqNYh,8739a3e0d2c76673933da242c5f65feb,006b78ab805fddd171f4e89e3348f2d14a420fc1,489d2660fa666d222578c18e440d84e672fa87335cb67c024311847f15026c67,1010935881,587671277,06-8456-2573,0420-662-468,209382320,http://api.randomuser.me/portraits/men/1.jpg,http://api.randomuser.me/portraits/med/men/1.jpg,http://api.randomuser.me/portraits/thumb/men/1.jpg,0.6,AU
male,mr,christopher,edwards,"3372 nowlin rd",busselton,tasmania,36390,christopher.edwards20@example.com,smallladybug935,zanzibar,Pa6QcK3s,b582584fc23170140dfc4ae140dce888,b394d732cf391911f71dd0803ccce9ebbcfc8e82,2c4bed575e68a260c4033293c6958ec4e4e46bd669261be0bb45f87f3c73c644,1062547449,611273666,00-0148-9694,0433-751-244,518102913,http://api.randomuser.me/portraits/men/17.jpg,http://api.randomuser.me/portraits/med/men/17.jpg,http://api.randomuser.me/portraits/thumb/men/17.jpg,0.6,AU
female,mrs,vicki,harper,"2679 northaven rd",traralgon,tasmania,40502,vicki.harper97@example.com,orangebutterfly544,wayne1,GuRK7ySm,b00024bd679cc0f67bd4db3c21415ae0,9f7173a3038a30c5a4a94c2f84a596d8c4c02fed,6db3e8d46ea1e28ed4632009ce72f624859faed8182dbe6b0bb89d769270cf13,966267741,1230769407,08-1355-5650,0412-448-604,689426637,http://api.randomuser.me/portraits/women/95.jpg,http://api.randomuser.me/portraits/med/women/95.jpg,http://api.randomuser.me/portraits/thumb/women/95.jpg,0.6,AU
male,mr,william,fowler,"3035 elgin st",toowoomba,"new south wales",98440,william.fowler60@example.com,goldenostrich167,bogus,3Wx4r0Tf,4628e1bda85e59eb96bd60209e5a7894,fc0d229afe5e28611cc158eb3c6943591b58d9c8,39596c4e165c19c02a659f42faadeb1fbe150e6c42bc70e318e9128b3bf79cd5,943523344,926618237,08-5767-0616,0459-170-896,598795816,http://api.randomuser.me/portraits/men/86.jpg,http://api.randomuser.me/portraits/med/men/86.jpg,http://api.randomuser.me/portraits/thumb/men/86.jpg,0.6,AU
female,ms,tammy,castillo,"1172 ranchview dr",kalgoorlie,"northern territory",10839,tammy.castillo90@example.com,crazygoose366,cats,rRmq1iAi,b8dc872b34d110618c379be515c99fab,18d76adb5fa5ec5f076b4c7a893cd9f580395f03,7bac1623eb200ca35d6129c4137ef78efefe631bf42e14046f5fb97fe96e9cc9,999429893,1248890288,07-3772-4023,0402-521-626,922513499,http://api.randomuser.me/portraits/women/19.jpg,http://api.randomuser.me/portraits/med/women/19.jpg,http://api.randomuser.me/portraits/thumb/women/19.jpg,0.6,AU
male,mr,clayton,kelley,"3602 homestead rd",launceston,victoria,77280,clayton.kelley45@example.com,ticklishfrog512,volleyba,G9vfpCV5,bfc250e55c2d4fd771be0671a4038837,a42bb8b1573a856ebe339f0f514cc442bb5ba92f,9759f13f05a4edcccb2a26461a0a2e3a28003f88bd26d9ff56376092853ea614,1181042154,857962530,09-6147-0721,0473-298-940,856538693,http://api.randomuser.me/portraits/men/85.jpg,http://api.randomuser.me/portraits/med/men/85.jpg,http://api.randomuser.me/portraits/thumb/men/85.jpg,0.6,AU
female,mrs,leona,dunn,"8512 w 6th st",bendigo,"new south wales",62752,leona.dunn79@example.com,whitepeacock829,forget,h9a9WDmG,fde2b12406abca81f3f2759e517fd210,27d7046c1350a4b9682274370db9c1bec963f44c,1c0e6733dbc73cc60a4b492194c472430f54eb0649524e428a2f8274a826fd6e,1422197036,1279552224,05-4365-8037,0453-570-417,033779909,http://api.randomuser.me/portraits/women/2.jpg,http://api.randomuser.me/portraits/med/women/2.jpg,http://api.randomuser.me/portraits/thumb/women/2.jpg,0.6,AU
female,miss,noelle,ford,"5210 walnut hill ln",orange,"new south wales",98647,noelle.ford31@example.com,browngorilla131,sooners,RzLMATMr,021d59192e7ba5c0787058793ca88ac7,b0ed591780ae734de428248194f2cabad3b6c107,9d59c38b4103107b6b455ff879b4993ea063bdb77d6b3ccfb4afb8a8a5313f02,1301487231,1348303932,08-7054-8598,0412-658-928,265673860,http://api.randomuser.me/portraits/women/1.jpg,http://api.randomuser.me/portraits/med/women/1.jpg,http://api.randomuser.me/portraits/thumb/women/1.jpg,0.6,AU
female,miss,melanie,west,"6683 ash dr",shepparton,tasmania,62986,melanie.west42@example.com,greentiger766,trapper,TgjOEAf6,38daa0e921966b6c512c457828177028,679382bb5504eefae1b8a7795be8a16a68bcab3a,51f8788ebc092cc0ff4e96a1b4713be85c4791de192e1341d1b92ee0c4ec4423,1023105753,754621027,01-4686-5818,0471-661-015,225334497,http://api.randomuser.me/portraits/women/63.jpg,http://api.randomuser.me/portraits/med/women/63.jpg,http://api.randomuser.me/portraits/thumb/women/63.jpg,0.6,AU
male,mr,hector,hansen,"5825 miller ave",kalgoorlie,victoria,71062,hector.hansen57@example.com,beautifulmeercat842,hayden,fswDU67k,67c45f6ef139110ab19fc45da020fb9c,4ce558f1b4e6013b994ee1c02522de5f45fe45d1,16be8c62fe98720dd47f481deac740399c3a0f31f0afa3ff2b8abcdcd028cc6a,949871201,939460891,05-9367-9258,0415-790-909,518399862,http://api.randomuser.me/portraits/men/80.jpg,http://api.randomuser.me/portraits/med/men/80.jpg,http://api.randomuser.me/portraits/thumb/men/80.jpg,0.6,AU
male,mr,gerald,jimenez,"7775 rolling green rd",bundaberg,queensland,70363,gerald.jimenez17@example.com,brownbear968,reader,AlirPuyK,f15100d3b073c20bc868842039c754c4,b8f012adf7b6b03112fe47a10a12e70a8d56a0e3,44a644340a8c0cf6973154dce8c2319017158b20cb0eb3e1434667b3832444c7,1005849993,407422257,09-8687-0571,0499-093-925,270978074,http://api.randomuser.me/portraits/men/63.jpg,http://api.randomuser.me/portraits/med/men/63.jpg,http://api.randomuser.me/portraits/thumb/men/63.jpg,0.6,AU
female,mrs,judy,rhodes,"7548 w sherman dr",geelong,queensland,83883,judy.rhodes36@example.com,bigdog409,gandalf,Pd5O8zvx,2364f9c0499d8e4b2c90832f60b69d1a,de354de97fca03f78b2e40bd624e68a06facbbc8,d355e3ff96d715666927a41da86248b33d67c1abc8237133a3fefec4efefa753,946204841,410147548,06-0749-6378,0491-674-808,208178996,http://api.randomuser.me/portraits/women/25.jpg,http://api.randomuser.me/portraits/med/women/25.jpg,http://api.randomuser.me/portraits/thumb/women/25.jpg,0.6,AU
female,mrs,gladys,watkins,"9752 plum st",darwin,"northern territory",69239,gladys.watkins90@example.com,beautifulgorilla975,dumb,qPTdD1tT,fe6be386c6eaabbdc8745763d0b37214,af15168a5a62fd9d1f391ad5da16e42d5f53a5c4,8346b68412f11b11d28f52fbefc7cb6042f8b5bc7c9177aa14502a12b09123f8,1187701434,1064106046,04-1725-6999,0402-422-329,126195129,http://api.randomuser.me/portraits/women/27.jpg,http://api.randomuser.me/portraits/med/women/27.jpg,http://api.randomuser.me/portraits/thumb/women/27.jpg,0.6,AU
male,mr,alexander,james,"9880 mockingbird hill",maitland,queensland,47206,alexander.james22@example.com,heavyladybug976,weaver,pLGcz12K,229bfeb9006d0e907ebcf011ec10ee38,8374bea163c39a83520634c84628071a5bded472,5d12c717a089a1ff383956604a002a601e4edec0b9f787a4a571dcb558cab81e,1183303210,843779262,05-9360-1413,0499-301-100,152623784,http://api.randomuser.me/portraits/men/51.jpg,http://api.randomuser.me/portraits/med/men/51.jpg,http://api.randomuser.me/portraits/thumb/men/51.jpg,0.6,AU
female,ms,sonia,howard,"7109 spring hill rd",adelaide,queensland,66348,sonia.howard41@example.com,smallgorilla59,babyface,gIqv29s7,a272a96ddc76ee5c5fc66362d4cca177,e89cffd50d6c6b2da7e98f5d6f7354142b3ac4ce,c6efcc496b47e67326b57e7bfd5c14d9f490f347cf4ff593b8d5a802b503a7d7,1387434530,820804298,00-4481-0022,0499-165-288,753563758,http://api.randomuser.me/portraits/women/3.jpg,http://api.randomuser.me/portraits/med/women/3.jpg,http://api.randomuser.me/portraits/thumb/women/3.jpg,0.6,AU
male,mr,gary,walker,"1259 james st",dubbo,queensland,22015,gary.walker98@example.com,yellowfrog493,fuking,tBJGHqNN,ce7532429dcb194fd3c52e6ab344925d,d6d57b31f8797519d4b98012e38ed13cf84766f4,ec53b397f0021baa01fbc8dc715f508b5ae7d71f1a0083fc8ff1a55a42c230ca,997128478,1187995596,05-2052-5931,0437-008-206,103119988,http://api.randomuser.me/portraits/men/3.jpg,http://api.randomuser.me/portraits/med/men/3.jpg,http://api.randomuser.me/portraits/thumb/men/3.jpg,0.6,AU
male,mr,kevin,wagner,"2049 n stelling rd",queanbeyan,tasmania,62499,kevin.wagner87@example.com,greenostrich564,funstuff,udfmyXVA,6102decfdd307997c11f9a801410a66c,c6fde70aebd29f1da4a699b269f93b4a5f2af4db,6dec4fdeea5fbbeb360cdf7936b098421f75c59e963cb95f63f2cc2ad904243b,944799619,1406953299,06-1684-3698,0484-211-575,547332561,http://api.randomuser.me/portraits/men/94.jpg,http://api.randomuser.me/portraits/med/men/94.jpg,http://api.randomuser.me/portraits/thumb/men/94.jpg,0.6,AU
male,mr,sebastian,carr,"9615 w pecan st",nowra,"northern territory",61709,sebastian.carr65@example.com,yellowfish813,jamaica,kD7ZP3yx,10c9fa0380b1e1ba1232a6788175e108,fe74448fce73c527f535f7afcc79b0be25e6246f,2d759e84165a4c12b61c91c2eb67ce5cfc93b318ac7f70ef4ab598fb3c42322c,1166985004,123789073,09-0537-9961,0445-459-784,156587388,http://api.randomuser.me/portraits/men/65.jpg,http://api.randomuser.me/portraits/med/men/65.jpg,http://api.randomuser.me/portraits/thumb/men/65.jpg,0.6,AU
male,mr,raymond,cooper,"9622 photinia ave",hobart,"western australia",13017,raymond.cooper80@example.com,bluewolf129,pumpkin,kFBqCkD1,d06171c7dd3cd39e95687d74c9d00a7f,42460a4429bc35bcc62c70387fa308ca1095f3b1,5ff865037951e5591d0dee0a0f7c7a3c273a93e63d5f0ea9666998c67c8c3503,1221671245,1353185886,01-3658-8132,0424-337-274,451331124,http://api.randomuser.me/portraits/men/0.jpg,http://api.randomuser.me/portraits/med/men/0.jpg,http://api.randomuser.me/portraits/thumb/men/0.jpg,0.6,AU
male,mr,nathan,terry,"2953 lakeshore rd","wagga wagga","new south wales",62193,nathan.terry24@example.com,yellowgorilla562,1101,2VGvMtEY,75b99b745637254b13b6bb3f45b826a5,f3e996922d3d8f4ec08e469d8ac0a0cb1c4cee77,3446106416d524ad1ec7c2cd289b3e8165506ad0bf4ca3bb8597ea81ef6af1d2,1007259686,724681605,06-4870-1564,0494-090-115,559637369,http://api.randomuser.me/portraits/men/97.jpg,http://api.randomuser.me/portraits/med/men/97.jpg,http://api.randomuser.me/portraits/thumb/men/97.jpg,0.6,AU
female,ms,irma,gardner,"6508 nowlin rd",adelaide,"south australia",31130,irma.gardner30@example.com,beautifulgoose398,hardware,b4sMeAaQ,af3b6ff18fd42fe3f09907ab25c6600a,2bf5e38ebb585d235d85387dbbc750066190bc8e,64043b498e1db29ae43efd01cd154fa468b34a30db5287ac99a999c42d821f24,1311716955,153412636,05-0926-7084,0428-730-221,673462589,http://api.randomuser.me/portraits/women/70.jpg,http://api.randomuser.me/portraits/med/women/70.jpg,http://api.randomuser.me/portraits/thumb/women/70.jpg,0.6,AU
female,ms,sophie,hoffman,"8491 cherry st",nowra,"northern territory",94995,sophie.hoffman67@example.com,browntiger837,kimmie,APsGeHRW,dd10e00045a4c8418f6a349f755da45c,bd4436e255c1aee89ea21dbe2047815d39234044,bf95fd62d56268861a1d9c92b6ccc20d8c04c89a93b904d7ae41b8ef96bc19e4,965743090,1009229687,00-2101-8108,0483-216-267,457461018,http://api.randomuser.me/portraits/women/27.jpg,http://api.randomuser.me/portraits/med/women/27.jpg,http://api.randomuser.me/portraits/thumb/women/27.jpg,0.6,AU
male,mr,evan,castro,"7639 elgin st",albury,tasmania,73450,evan.castro54@example.com,crazyladybug531,dance,bYLcengH,e08347a4c7cb246085bc52e6b62382dd,069eaee3349b38058150dc6b5cd0262367702a4e,16d4de644f16f3f94691977c058e403b810661c4203b6bf28d4dbc2268555551,1234862476,764104137,03-6237-8320,0439-428-356,881351756,http://api.randomuser.me/portraits/men/94.jpg,http://api.randomuser.me/portraits/med/men/94.jpg,http://api.randomuser.me/portraits/thumb/men/94.jpg,0.6,AU
female,ms,vivan,shelton,"1143 poplar dr",geraldton,"western australia",61049,vivan.shelton52@example.com,yellowcat827,thegame,uveWkxI9,f6cc9d35a7f6aa015d17db7cf142ad58,a32b45149fec6776c8b70b2091fdaf0db1a7d611,991e068de26a6e6ba9daea853cc5e73f478f4d617d58d4aa9437ce320599aeac,1318317655,1436046124,01-5283-1868,0492-671-203,888297957,http://api.randomuser.me/portraits/women/60.jpg,http://api.randomuser.me/portraits/med/women/60.jpg,http://api.randomuser.me/portraits/thumb/women/60.jpg,0.6,AU
female,mrs,joan,gordon,"4542 lakeshore rd","hervey bay",queensland,46863,joan.gordon78@example.com,redelephant329,trombone,FTdF5WXd,a4da81bd66ca65a789f4a9cc00585326,dc67a4376047f425c41d3f3e91d599a9c1511098,260d0c2625858927565d76e5700244c43cebe64c30c18994d3d0c2e259dc3728,1227308667,781933908,07-5532-4581,0492-447-543,221187828,http://api.randomuser.me/portraits/women/10.jpg,http://api.randomuser.me/portraits/med/women/10.jpg,http://api.randomuser.me/portraits/thumb/women/10.jpg,0.6,AU
male,mr,nathan,hawkins,"2107 hillcrest rd",darwin,"northern territory",52157,nathan.hawkins43@example.com,goldenwolf976,mario,cFsKSRv2,1e75fcc0b2c1056dbeba1880903b6b84,73e90e6022fd921f87e278e2aed702af4dd2e3b3,1485f703edf80ec12d2bc93ed4c6c2048fd94b85a7c5ad1209c4916fad3e0e13,1404676486,252043306,04-8989-0984,0490-921-471,975907767,http://api.randomuser.me/portraits/men/29.jpg,http://api.randomuser.me/portraits/med/men/29.jpg,http://api.randomuser.me/portraits/thumb/men/29.jpg,0.6,AU
female,miss,julie,ford,"8682 paddock way",townsville,queensland,14031,julie.ford94@example.com,goldenostrich855,tian,yiuqUjvI,ad85f2e4accf113bf074b1d29e702155,780c75c25a3421090fbcd619bd975a4741af5b9e,c14f2d33c3649f44254232e3ec696b58a13030724f0d8aa7188220aeefcfb683,937519947,1227919693,08-1072-5590,0415-400-468,042501437,http://api.randomuser.me/portraits/women/62.jpg,http://api.randomuser.me/portraits/med/women/62.jpg,http://api.randomuser.me/portraits/thumb/women/62.jpg,0.6,AU
female,mrs,rita,reyes,"6248 prospect rd","coffs harbour",queensland,43038,rita.reyes55@example.com,whitesnake857,ariane,tJvQLZ5Q,905778d1ed852789fcd3639f262a3021,f0a121f9522376f2d5ee1494f7cd8dc41d41f7d4,f5455a19ad7b261ad3189db642d0ec03b24a2ff750f5e38493109823f9e7968f,1367846341,950480865,09-5684-9675,0473-502-290,549449297,http://api.randomuser.me/portraits/women/69.jpg,http://api.randomuser.me/portraits/med/women/69.jpg,http://api.randomuser.me/portraits/thumb/women/69.jpg,0.6,AU
female,miss,nora,rose,"9686 valley view ln",tamworth,"new south wales",94354,nora.rose16@example.com,orangemeercat891,genesis,66v8Xt5h,99ada354a01c7dcfe05723d3a7413994,2468454a544890eddfb401436bf22a5f37e2f18c,99dd048cc143a80179953e72223c1983ddde1acf1519694e2c48da1c0d62f0f6,1113066167,987325123,04-2525-7328,0469-062-036,778956115,http://api.randomuser.me/portraits/women/76.jpg,http://api.randomuser.me/portraits/med/women/76.jpg,http://api.randomuser.me/portraits/thumb/women/76.jpg,0.6,AU
male,mr,logan,jennings,"6099 crockett st",ballarat,"australian capital territory",70606,logan.jennings99@example.com,orangeleopard67,talbot,x244y4VP,de91080ef04f08bf861d5833aa4470f0,6415874c8245fc62d5d1d9dc695ea4aa758e8b4e,619eeabc424d8db44e31c189a48fcc3f688fcd1449b813542f93ea376ebfcde2,1248730036,527146838,09-6680-2613,0433-879-216,345217047,http://api.randomuser.me/portraits/men/25.jpg,http://api.randomuser.me/portraits/med/men/25.jpg,http://api.randomuser.me/portraits/thumb/men/25.jpg,0.6,AU
female,mrs,glenda,williams,"5296 bollinger rd",bathurst,victoria,47611,glenda.williams56@example.com,goldenkoala296,zzzzzz,W3QIBkwk,a1c1d02e9203749c16490e1b240c8fad,ad520f74dcf8d4ccbe98345d5021a46911e5ef13,9a7dfd3d72f2f408473172c81a76e52c53ee1c65478e3cadac69b1878968594c,1220492088,26519646,07-8479-8133,0446-639-206,274166520,http://api.randomuser.me/portraits/women/92.jpg,http://api.randomuser.me/portraits/med/women/92.jpg,http://api.randomuser.me/portraits/thumb/women/92.jpg,0.6,AU
male,mr,dustin,turner,"7105 w sherman dr",wollongong,"new south wales",52322,dustin.turner35@example.com,greenelephant252,gymnast,RUmb5V2z,ba37ae2be717ef9766e3ceb872961758,0fe8db1185e5b8256012302d8314b9e7094e568a,6248d01efcb2ffb652e04d2ed44a5ced0180fbd773593e311aeb7363c6aeb90e,960348487,1287197692,09-7168-9785,0419-041-016,162032962,http://api.randomuser.me/portraits/men/16.jpg,http://api.randomuser.me/portraits/med/men/16.jpg,http://api.randomuser.me/portraits/thumb/men/16.jpg,0.6,AU
female,mrs,judith,young,"7251 harrison ct",launceston,"northern territory",64802,judith.young32@example.com,ticklishswan108,domain,nyuyfeTj,6fa7298458893688572bbfe55ba83b76,07b523c776a209aba8acb918fbdbfb44666665de,241a41e685324454365a37f45561da2bfa8af1d153d9414eb45cef50f9d15586,1010838678,66094415,02-5283-6452,0497-415-323,411173544,http://api.randomuser.me/portraits/women/87.jpg,http://api.randomuser.me/portraits/med/women/87.jpg,http://api.randomuser.me/portraits/thumb/women/87.jpg,0.6,AU
female,ms,grace,simmons,"7111 lone wolf trail","port macquarie","south australia",85420,grace.simmons96@example.com,heavybutterfly343,borussia,9mQqMrjM,3f00e795423b35b5c634e35f325151f7,10a6ef0c6d86d0bd612ad7152294bc42976c6bcd,bb8fe69918c8474a48a5dc82cc90a645f9af45f1ebb7f2cf4a1ab5317784efb0,1075505055,1045988379,04-8227-6667,0454-746-881,491021345,http://api.randomuser.me/portraits/women/7.jpg,http://api.randomuser.me/portraits/med/women/7.jpg,http://api.randomuser.me/portraits/thumb/women/7.jpg,0.6,AU
female,ms,isabella,williams,"1804 camden ave","coffs harbour","south australia",15184,isabella.williams78@example.com,beautifulgoose235,rabbits,ARkGomNb,ee57164379b1e56591c4cc74face01f3,741c22515ab3b13e093d2487feb6597815bb2409,474a034ca76b060cd1da37d8a4356736d047b2783192432bfc37b9e70664dfb4,1371422692,82458595,06-7411-2845,0476-547-693,479245876,http://api.randomuser.me/portraits/women/1.jpg,http://api.randomuser.me/portraits/med/women/1.jpg,http://api.randomuser.me/portraits/thumb/women/1.jpg,0.6,AU
female,mrs,mia,sanchez,"5939 edwards rd","port macquarie","south australia",43326,mia.sanchez50@example.com,yellowtiger125,nnnn,JgnHzjQJ,b3441f7fc0a372ea52f06532e1c6576c,23257dd70f4ef4a4588c054bf3cdecba4ef97908,56ef0475e8e3db9ce16904e4a0e689a0ef846e88e98eabd03591660065de7bba,972097343,1371173981,05-2630-5085,0498-313-855,796556000,http://api.randomuser.me/portraits/women/61.jpg,http://api.randomuser.me/portraits/med/women/61.jpg,http://api.randomuser.me/portraits/thumb/women/61.jpg,0.6,AU
male,mr,erik,ramos,"5963 mcgowen st",mackay,"new south wales",45015,erik.ramos83@example.com,ticklishdog620,true,OOul9bVn,2e1de9127f2f6f37caa954f3e47def19,2e07a9c56e48fadfd7566628587420b5ecacd683,a0e5a7aff4f103b2ca03b0baafeaa35ea0060336064cd52b29c07f88f7fa904e,1449822538,665565597,01-5379-2112,0475-822-951,705131603,http://api.randomuser.me/portraits/men/3.jpg,http://api.randomuser.me/portraits/med/men/3.jpg,http://api.randomuser.me/portraits/thumb/men/3.jpg,0.6,AU
female,miss,tonya,tucker,"5724 avondale ave",kalgoorlie,"northern territory",31717,tonya.tucker31@example.com,heavygoose910,12341234,K3FziAnH,51bc41d6f18130a406b592779a2bdf16,8b336dc16507b3d5fed819a63decbae01e29a126,52b7ac7b951760fd29d89187c50400a64f90647d4e9b78b52401dc0761f7e23d,1125511626,453685912,03-8357-6420,0464-357-020,535471812,http://api.randomuser.me/portraits/women/44.jpg,http://api.randomuser.me/portraits/med/women/44.jpg,http://api.randomuser.me/portraits/thumb/women/44.jpg,0.6,AU
male,mr,randall,baker,"7168 w dallas st","hervey bay",tasmania,95106,randall.baker24@example.com,ticklishbear119,kayla,WhsVoDzg,1f8dd0dad304b47aea9d14336675ee56,a5f61eb476a02f1d632ef71d5df21d7749b38f8d,ab3911c73eee2f486602ec2a2c8f5458f71d4549d56a6c749dbaf6f26489eba3,1177277188,1417739816,02-8766-7419,0494-207-606,407495672,http://api.randomuser.me/portraits/men/50.jpg,http://api.randomuser.me/portraits/med/men/50.jpg,http://api.randomuser.me/portraits/thumb/men/50.jpg,0.6,AU
male,mr,ricky,ramos,"3034 smokey ln",bathurst,"new south wales",34757,ricky.ramos19@example.com,yellowtiger51,ramona,N0oSEEbh,e71eda3d0f07c1959301f0ae8a336c45,fa244457c13d217fa4087fcee33d771da467a8aa,972bad812cb873bcca4d34c8914cc649d402efdb2d3b330029b2f784f824e28d,1099984582,1071399105,07-9379-5244,0431-191-358,878509693,http://api.randomuser.me/portraits/men/55.jpg,http://api.randomuser.me/portraits/med/men/55.jpg,http://api.randomuser.me/portraits/thumb/men/55.jpg,0.6,AU
male,mr,craig,walker,"8825 valwood pkwy",bendigo,"south australia",15485,craig.walker32@example.com,beautifulbutterfly670,slapper,wRdPRHDI,8fda11b617e19336ef53bfe0a9729639,7db8b927dd69de9858373ed66e73f0a45063700d,28be0d1375a18eac5e6f78bda39591da4504bb804905fa7b4918bdbc73e75d3a,1185322298,703847864,00-0162-4963,0494-712-101,400549267,http://api.randomuser.me/portraits/men/15.jpg,http://api.randomuser.me/portraits/med/men/15.jpg,http://api.randomuser.me/portraits/thumb/men/15.jpg,0.6,AU
male,mr,dave,mccoy,"7994 preston rd",perth,queensland,68154,dave.mccoy38@example.com,beautifultiger851,engine,PYr9k0Ym,8656a4bd14b808c55cf336636b8d55cb,29ed93b12bd31e6968558655156fdb94500bfcdd,7b713fd006fb7e5b69270e33fa526dbedb6421ac6f8b5c1145e1a83d0e7471d6,1247468872,1259319941,04-2884-6308,0467-603-526,527015726,http://api.randomuser.me/portraits/men/23.jpg,http://api.randomuser.me/portraits/med/men/23.jpg,http://api.randomuser.me/portraits/thumb/men/23.jpg,0.6,AU
female,ms,vanessa,castro,"1994 eason rd",ballarat,queensland,99420,vanessa.castro19@example.com,crazybird781,kenworth,O4fZw8el,c79360bea80ffe225cb1a064f84a10ab,1402935fa70c64fd335683bac8a6e85da71eefa4,042e3bdb867ead14e7eb83fb4435a5a9d806c412d07e87ab4fdb73f50e4fd41a,1144868913,994846642,08-6136-2130,0477-784-390,938621191,http://api.randomuser.me/portraits/women/13.jpg,http://api.randomuser.me/portraits/med/women/13.jpg,http://api.randomuser.me/portraits/thumb/women/13.jpg,0.6,AU
male,mr,erik,simpson,"3106 central st",sydney,"western australia",15123,erik.simpson60@example.com,orangerabbit178,lowrider,ybi3d6Xc,f26be3e27b150980c5866ae6de107d8f,fd81c6cc1bfdd50afd87055296429decdebca182,ea06ef1c1f9f49c1fefab0532e06c4ef1ff6373d5367f4e5b7451a641f27c47e,1067430629,1008936772,01-1499-0411,0413-943-792,836500822,http://api.randomuser.me/portraits/men/48.jpg,http://api.randomuser.me/portraits/med/men/48.jpg,http://api.randomuser.me/portraits/thumb/men/48.jpg,0.6,AU
female,mrs,vera,holmes,"4353 college st","wagga wagga","western australia",75257,vera.holmes76@example.com,greenelephant775,giovanni,EAa6JN9S,c803209978ffef1b091ac96eb1283f6f,c0142a4c6f76d584a9b0364fe9e78a8cc11a04a9,7e322f00a77495e0190549cbdb870c219b0c4d990cb2182b3b7860dfb01222d1,1119926575,258247517,08-0483-1474,0440-484-307,260760608,http://api.randomuser.me/portraits/women/24.jpg,http://api.randomuser.me/portraits/med/women/24.jpg,http://api.randomuser.me/portraits/thumb/women/24.jpg,0.6,AU
female,mrs,jane,holt,"8080 wycliff ave",dubbo,queensland,37265,jane.holt76@example.com,lazypanda247,buddy1,zmMDf6Ar,56ce35525bf343919cdabc2a75d3cc2a,dfcde4da13afae28029fea5730d9f52fc8a46669,cd180b8c8cc847ee013a7d75e8c1fe270d03556d425cc37d926670f2dd66e026,1238220039,336719455,03-5276-5326,0444-904-523,664573370,http://api.randomuser.me/portraits/women/75.jpg,http://api.randomuser.me/portraits/med/women/75.jpg,http://api.randomuser.me/portraits/thumb/women/75.jpg,0.6,AU
female,miss,irene,henderson,"4807 ash dr","wagga wagga","south australia",40950,irene.henderson24@example.com,silverladybug905,hancock,E76EUi5n,bdb9900a0259d9d033f4c314649442b2,5f5a2691469a185545fa2d33248b4c35c637dfd2,b5f6dd83372cb64b0867129058572d1538af88d3719b1c373a2660a91bb1e94f,1456329426,917784146,03-8926-1838,0409-211-587,533625616,http://api.randomuser.me/portraits/women/24.jpg,http://api.randomuser.me/portraits/med/women/24.jpg,http://api.randomuser.me/portraits/thumb/women/24.jpg,0.6,AU
male,mr,hunter,kuhn,"1370 saddle dr",sydney,victoria,96833,hunter.kuhn82@example.com,redrabbit572,charley,ynLU6CZ8,648e51b4729f66a12fae46624bb332e1,dfe30170d6ea6c304695b27ff8f5b00437ca3d67,c9c51809869165cefb3a5c3837ba00cd2394f6f1c70bfebe191dfd60103fb965,1309332308,544956809,08-6319-9530,0472-747-978,349209097,http://api.randomuser.me/portraits/men/57.jpg,http://api.randomuser.me/portraits/med/men/57.jpg,http://api.randomuser.me/portraits/thumb/men/57.jpg,0.6,AU
female,miss,phyllis,adams,"8366 w belt line rd",perth,"northern territory",10758,phyllis.adams66@example.com,goldendog935,dusty1,882Z90QT,b864feb385344460fa416c6c689eb357,6b50956558feaa2b4638fad98446f31f9936f8ec,f567e9f07436ba108e178ca1ea1a3cf6c7aa87e4ed8acd859b819479765ff713,1065625395,901867832,04-7943-3188,0473-988-343,366259790,http://api.randomuser.me/portraits/women/84.jpg,http://api.randomuser.me/portraits/med/women/84.jpg,http://api.randomuser.me/portraits/thumb/women/84.jpg,0.6,AU
male,mr,david,carpenter,"8185 mcclellan rd",mackay,"new south wales",47542,david.carpenter16@example.com,redrabbit872,5329,EZOCCPU4,5d565c07062a8dde4f82d9df96aa7e17,f98050056589b405f58595b8e67e8fde4e42674d,aeab567a8216a5f43b7dd1b0cfbe2afb0b52dbd5b21a13bdedc3f7f6f9b7bb19,1378766504,559014577,04-9756-8041,0459-484-375,439171831,http://api.randomuser.me/portraits/men/74.jpg,http://api.randomuser.me/portraits/med/men/74.jpg,http://api.randomuser.me/portraits/thumb/men/74.jpg,0.6,AU
female,ms,ella,fletcher,"8339 westheimer rd",warragul,"western australia",56775,ella.fletcher52@example.com,whiterabbit621,yummy,dYG8BGnJ,1b8ac8c234691c0c86c19a454d2ece81,ca0068dc312a1cc33191e5e3371da109f428391c,38e77130a94c6d5835a4c90ca7c558e4df12c1ecf4aeaa25487ec7aea122a5b0,930198144,540268297,09-1506-4101,0483-905-346,698422611,http://api.randomuser.me/portraits/women/59.jpg,http://api.randomuser.me/portraits/med/women/59.jpg,http://api.randomuser.me/portraits/thumb/women/59.jpg,0.6,AU
male,mr,danny,hicks,"8707 mcclellan rd",mackay,"south australia",49746,danny.hicks20@example.com,silverleopard12,bugs,4eGAljS6,366b2896148522ac31d1d0700f4b3e06,91a788ed4b64d45d88276bfbe4e2762ec1fa3d64,9ed6d684e8b6d383c4b4a4a9dcac3657518a0d51413a142a7d7fc0adf99fea09,973825522,1135253657,01-6406-5275,0484-099-829,053184614,http://api.randomuser.me/portraits/men/21.jpg,http://api.randomuser.me/portraits/med/men/21.jpg,http://api.randomuser.me/portraits/thumb/men/21.jpg,0.6,AU
female,ms,judith,chavez,"6997 poplar dr",perth,victoria,55902,judith.chavez65@example.com,organicostrich536,horton,pFaJHw9P,0df6f6b817a5ddb46d27c52843bf4d0b,7865884e2c4c98eb62b3eaffcb7ed6e85e125784,58726121d9b1c04a3391cf95e4d70c9db7c2b61f01b6221c06f0d5c4018c402b,1221078799,664294094,06-4763-8050,0409-286-708,609757375,http://api.randomuser.me/portraits/women/89.jpg,http://api.randomuser.me/portraits/med/women/89.jpg,http://api.randomuser.me/portraits/thumb/women/89.jpg,0.6,AU
male,mr,terrance,jones,"7254 w campbell ave",warrnambool,"australian capital territory",38491,terrance.jones86@example.com,whitemeercat616,scratch,kiRzoAlu,90e45cd5ad4727950611ce31f049a386,caadee37c2547ef682b777ec6263f8236e1b0e5b,cb8a593681dc7070f2bf4873398ddf9e2e90550ec526e1dc1629d13fa95fee69,931598033,447490464,00-1574-4753,0440-944-321,508504444,http://api.randomuser.me/portraits/men/93.jpg,http://api.randomuser.me/portraits/med/men/93.jpg,http://api.randomuser.me/portraits/thumb/men/93.jpg,0.6,AU
male,mr,zachary,hamilton,"6054 forest ln",melbourne,"northern territory",64517,zachary.hamilton96@example.com,bigduck312,mentor,zaRi6CqH,5c25656bb0ab59ec58e145982e5ea949,da3c56f6e5d5b094fd5f354d723ae9462436fe55,f696f4fd8c6af27b08fbbb1ec6cbd9cf4286b6df30bf92af72e26aec57474187,1309626522,529270035,06-2483-6719,0442-480-334,316511549,http://api.randomuser.me/portraits/men/56.jpg,http://api.randomuser.me/portraits/med/men/56.jpg,http://api.randomuser.me/portraits/thumb/men/56.jpg,0.6,AU
